machine,date,hour,shots,kwh
IMM-03,2026-10-09,0,206,3.8
IMM-03,2026-10-09,1,204,3.6
IMM-03,2026-10-09,2,210,3.9
IMM-03,2026-10-09,3,175,3.4
IMM-03,2026-10-09,4,208,3.8
IMM-03,2026-10-09,5,208,3.7
IMM-03,2026-10-09,6,206,3.6
IMM-03,2026-10-09,7,202,3.7
IMM-03,2026-10-09,8,210,3.7
IMM-03,2026-10-09,9,206,3.8
IMM-03,2026-10-09,10,191,3.2
IMM-04,2026-10-09,0,105,
IMM-04,2026-10-09,1,175,
IMM-04,2026-10-09,2,175,
IMM-04,2026-10-09,3,177,
IMM-04,2026-10-09,4,179,
IMM-04,2026-10-09,5,49,
IMM-08,2026-10-09,0,321,
IMM-08,2026-10-09,1,322,
IMM-08,2026-10-09,2,321,
IMM-08,2026-10-09,3,315,
IMM-08,2026-10-09,4,323,
IMM-08,2026-10-09,5,322,
IMM-08,2026-10-09,6,321,
IMM-08,2026-10-09,7,321,
IMM-08,2026-10-09,8,317,
IMM-08,2026-10-09,9,321,
IMM-08,2026-10-09,10,321,
IMM-08,2026-10-09,11,321,
IMM-08,2026-10-09,12,281,
IMM-08,2026-10-09,13,321,
IMM-08,2026-10-09,14,320,
IMM-08,2026-10-09,15,5,
IMM-10,2026-10-09,0,264,
IMM-10,2026-10-09,1,264,
IMM-10,2026-10-09,2,263,
IMM-10,2026-10-09,3,264,
IMM-10,2026-10-09,4,263,
IMM-10,2026-10-09,5,263,
IMM-10,2026-10-09,6,263,
IMM-10,2026-10-09,7,263,
IMM-10,2026-10-09,8,263,
IMM-10,2026-10-09,9,263,
IMM-10,2026-10-09,10,263,
IMM-10,2026-10-09,11,188,
IMM-10,2026-10-09,12,263,
IMM-10,2026-10-09,13,255,
IMM-10,2026-10-09,14,97,
IMM-11,2026-10-09,0,222,3.4
IMM-11,2026-10-09,1,225,2.9
IMM-11,2026-10-09,2,225,3.4
IMM-11,2026-10-09,3,225,3.1
IMM-11,2026-10-09,4,225,3.3
IMM-11,2026-10-09,5,225,3.0
IMM-11,2026-10-09,6,225,3.4
IMM-11,2026-10-09,7,225,3.1
IMM-11,2026-10-09,8,215,3.3
IMM-11,2026-10-09,9,226,2.9
IMM-11,2026-10-09,10,225,3.4
IMM-11,2026-10-09,11,226,3.5
IMM-11,2026-10-09,12,226,3.2
IMM-11,2026-10-09,13,225,3.1
IMM-11,2026-10-09,14,226,3.3
IMM-11,2026-10-09,15,63,0.8
IMM-12,2026-10-09,0,241,
IMM-12,2026-10-09,1,255,
IMM-12,2026-10-09,2,255,
IMM-12,2026-10-09,3,257,
IMM-12,2026-10-09,4,256,
IMM-12,2026-10-09,5,257,
IMM-12,2026-10-09,6,257,
IMM-12,2026-10-09,7,253,
IMM-12,2026-10-09,8,256,
IMM-12,2026-10-09,9,257,
IMM-12,2026-10-09,10,257,
IMM-12,2026-10-09,11,256,
IMM-12,2026-10-09,12,256,
IMM-12,2026-10-09,13,258,
IMM-12,2026-10-09,14,96,
