machine,date,shots,kwh
IMM-01,2026-10-06,719,16.3
IMM-01,2026-10-07,3959,78.5
IMM-01,2026-10-08,3948,78.3
IMM-01,2026-10-09,2456,48.2
IMM-02,2026-10-01,5050,67.6
IMM-02,2026-10-02,6039,75.6
IMM-02,2026-10-03,6447,77.4
IMM-02,2026-10-04,4913,61.6
IMM-02,2026-10-05,3295,46.0
IMM-02,2026-10-06,6270,79.6
IMM-02,2026-10-07,6914,82.6
IMM-02,2026-10-08,6801,80.4
IMM-02,2026-10-09,4305,51.6
IMM-03,2026-10-01,5010,91.8
IMM-03,2026-10-02,4542,86.8
IMM-03,2026-10-03,5014,91.6
IMM-03,2026-10-04,3689,70.0
IMM-03,2026-10-05,2829,54.3
IMM-03,2026-10-06,4869,88.6
IMM-03,2026-10-07,4570,85.2
IMM-03,2026-10-08,4926,88.7
IMM-03,2026-10-09,3055,55.1
IMM-06,2026-10-01,2486,69.2
IMM-06,2026-10-02,2128,70.8
IMM-06,2026-10-03,3304,84.2
IMM-06,2026-10-04,2710,66.6
IMM-06,2026-10-05,1773,46.6
IMM-06,2026-10-06,2837,66.3
IMM-06,2026-10-07,3621,68.1
IMM-06,2026-10-08,3628,73.0
IMM-06,2026-10-09,2131,46.5
